{
  "left_camera_matrix": [
    [ 516.5066236, -1.444673028, 320.2950423 ],
    [ 0, 516.5816117, 270.7881873 ],
    [ 0, 0, 1.0 ]
  ],
  "left_camera_distcoeff": [
    [ -0.046645194 ],
    [ 0.077595167 ],
    [ 0.012476819 ],
    [ -0.000711358 ],
    [ 0 ]
  ],
  "right_camera_matrix": [
    [ 511.8428182, 1.295112628, 317.310253 ],
    [ 0, 513.0748795, 269.5885026 ],
    [ 0, 0, 1.0 ]
  ],
  "right_camera_distcoeff": [
    [ -0.061588946 ],
    [ 0.122384376 ],
    [ 0.011081232 ],
    [ -0.000750439 ],
    [ 0 ]
  ],
  "translation_vector": [
    [ -120.3559901 ],
    [ -0.188953775 ],
    [ -0.662073075 ]
  ],
  "rotation_vector": [
    [ 0.999911333, -0.004351508, 0.012585312 ],
    [ 0.004184066, 0.999902792, 0.013300386 ],
    [ -0.012641965, -0.013246549, 0.999832341 ]
  ]

}
